InvoiceNo,StockCode,Description,Quantity,InvoiceDate,UnitPrice,CustomerID,Country
537711,87240,Product 11,17,04/08/2023 05:21,80.0,11021,Indonesia
506530,42793,Product 15,2,08/28/2023 15:32,74.12,13696,Indonesia
511116,56473,Product 12,2,07/20/2023 05:15,7.32,19670,Indonesia
565794,99388,Product 8,12,12/15/2023 02:19,39.34,17408,Indonesia
500282,98330,Product 6,6,09/09/2023 03:18,28.99,16949,Indonesia
579473,65751,Product 3,10,12/12/2023 02:18,31.14,19167,Indonesia
501898,88915,Product 13,16,05/28/2023 06:51,98.31,18958,Indonesia
504135,64254,Product 13,14,05/08/2023 06:17,64.63,16019,Indonesia
506629,17006,Product 2,7,12/26/2023 00:10,72.05,15578,Indonesia
585120,84218,Product 5,19,05/31/2023 09:34,97.69,18901,Indonesia
589087,75344,Product 17,17,09/20/2023 15:25,38.34,10995,Indonesia
565031,43840,Product 6,9,04/22/2023 19:48,80.38,11853,Indonesia
533380,42430,Product 2,13,01/02/2023 00:47,44.02,18571,Indonesia
517071,33091,Product 4,5,09/11/2023 11:04,87.08,14737,Indonesia
520074,42983,Product 11,5,02/06/2023 22:08,18.89,13890,Indonesia
590724,33989,Product 8,10,08/21/2023 02:18,94.82,11495,Indonesia
567843,85451,Product 12,10,10/31/2023 15:02,22.66,17892,Indonesia
539901,28990,Product 8,7,06/01/2023 21:55,33.3,11528,Indonesia
511205,90360,Product 11,15,06/10/2023 19:10,75.86,18996,Indonesia
555661,46081,Product 8,7,04/23/2023 07:35,39.98,18433,Indonesia
505906,21033,Product 8,15,04/14/2023 19:34,61.21,11484,Indonesia
502591,26241,Product 17,3,04/22/2023 02:24,45.01,15675,Indonesia
562987,15939,Product 16,19,12/15/2023 17:45,74.49,11585,Indonesia
563370,57562,Product 14,10,12/04/2023 01:53,23.6,18666,Indonesia
580685,45063,Product 11,15,06/12/2023 15:40,6.79,17629,Indonesia
554400,86721,Product 7,3,06/10/2023 03:32,30.69,19167,Indonesia
525150,37045,Product 16,6,10/04/2023 15:19,47.96,15393,Indonesia
531852,54769,Product 13,12,05/15/2023 02:16,17.63,10391,Indonesia
542870,57118,Product 15,15,05/08/2023 00:47,36.12,18322,Indonesia
552756,94703,Product 16,6,01/22/2023 13:29,40.6,13073,Indonesia
556481,31625,Product 9,13,02/07/2023 05:44,6.68,16585,Indonesia
501283,37076,Product 3,19,02/20/2023 21:07,58.75,18901,Indonesia
533691,74805,Product 19,3,10/10/2023 01:20,88.55,13510,Indonesia
501125,54605,Product 5,8,10/13/2023 00:27,16.02,17916,Indonesia
567065,94565,Product 10,8,11/13/2023 15:18,60.18,13581,Indonesia
526170,98509,Product 17,15,01/04/2023 02:48,66.81,17555,Indonesia
508438,49121,Product 15,4,01/17/2023 11:27,42.51,15915,Indonesia
520095,75101,Product 8,19,06/07/2023 13:52,70.41,19721,Indonesia
516154,41433,Product 15,3,01/06/2023 02:40,41.66,12027,Indonesia
508004,53309,Product 14,13,02/06/2023 16:45,50.96,12047,Indonesia
509752,77468,Product 7,8,06/30/2023 02:32,1.73,19167,Indonesia
555426,54254,Product 12,16,04/26/2023 20:31,69.48,14931,Indonesia
526819,77293,Product 17,13,06/10/2023 02:17,66.47,14389,Indonesia
592051,47853,Product 17,3,10/08/2023 09:30,4.8,13073,Indonesia
524217,48405,Product 10,16,02/23/2023 02:39,37.46,18226,Indonesia
588708,76652,Product 19,9,06/23/2023 17:31,97.92,15892,Indonesia
532994,53527,Product 14,14,12/08/2023 22:01,42.65,10391,Indonesia
515036,87227,Product 11,13,05/07/2023 09:01,50.69,14426,Indonesia
577275,10492,Product 2,7,09/30/2023 07:32,91.08,15864,Indonesia
597756,18811,Product 18,15,10/26/2023 21:47,72.01,17280,Indonesia
549416,34272,Product 7,7,02/08/2023 09:54,58.62,10663,Indonesia
509587,82010,Product 12,6,01/26/2023 02:49,79.98,12558,Indonesia
595665,57153,Product 2,2,01/13/2023 06:56,86.57,11306,Indonesia
500645,64110,Product 18,9,02/05/2023 12:19,46.23,15530,Indonesia
530930,23979,Product 6,17,11/17/2023 07:45,48.04,17280,Indonesia
581835,38328,Product 10,5,05/22/2023 11:50,39.22,19555,Indonesia
530090,22867,Product 15,12,05/23/2023 01:01,96.7,13561,Indonesia
587489,69234,Product 5,1,10/15/2023 22:21,70.02,16528,Indonesia
552142,35851,Product 3,10,02/20/2023 21:57,9.24,12327,Indonesia
526475,41279,Product 5,11,02/27/2023 21:48,86.43,16863,Indonesia
518888,83402,Product 8,16,06/29/2023 09:05,48.58,19167,Indonesia
543732,25449,Product 8,14,09/28/2023 21:42,7.81,10698,Indonesia
581623,86221,Product 8,8,04/11/2023 00:07,55.42,10064,Indonesia
546305,99080,Product 12,17,02/22/2023 11:43,42.3,15056,Indonesia
546037,15451,Product 8,18,01/05/2023 06:03,87.9,12734,Indonesia
509346,97178,Product 11,12,09/19/2023 12:31,21.2,17554,Indonesia
500587,51316,Product 14,17,12/16/2023 14:34,82.82,10202,Indonesia
512763,73064,Product 8,14,11/07/2023 07:51,56.21,13510,Indonesia
559165,73761,Product 10,16,05/24/2023 12:49,6.41,16938,Indonesia
569615,48870,Product 7,14,05/04/2023 09:29,97.21,17869,Indonesia
536116,40873,Product 17,9,05/27/2023 16:55,51.75,11678,Indonesia
585751,68627,Product 4,4,11/15/2023 18:27,29.8,18792,Indonesia
591353,76155,Product 13,11,02/27/2023 22:25,47.47,19687,Indonesia
590301,35372,Product 4,6,08/17/2023 20:22,85.93,17270,Indonesia
595648,13642,Product 5,15,05/07/2023 08:11,31.19,12454,Indonesia
525556,38001,Product 4,5,05/09/2023 00:46,20.07,15915,Indonesia
559042,44064,Product 18,11,10/17/2023 21:47,13.78,13763,Indonesia
518099,24122,Product 6,18,03/30/2023 07:44,30.49,14636,Indonesia
545096,34820,Product 2,13,09/29/2023 06:04,78.22,15977,Indonesia
571986,78431,Product 11,11,10/05/2023 22:02,47.69,11899,Indonesia
513230,65745,Product 14,14,03/17/2023 15:50,23.52,15575,Indonesia
529009,60081,Product 5,18,03/27/2023 13:27,17.45,17734,Indonesia
570969,80902,Product 6,19,03/10/2023 14:48,33.94,11528,Indonesia
533866,18711,Product 10,15,04/04/2023 13:51,94.05,10860,Indonesia
584246,95132,Product 8,9,07/23/2023 15:25,34.96,17270,Indonesia
576975,28793,Product 14,8,12/07/2023 06:35,98.82,11184,Indonesia
541855,18199,Product 3,1,10/16/2023 04:22,49.04,15855,Indonesia
581557,86253,Product 12,4,09/07/2023 09:53,18.74,12790,Indonesia
506416,46191,Product 16,14,11/21/2023 03:33,89.22,17099,Indonesia
572516,20211,Product 17,2,06/29/2023 09:57,46.58,17916,Indonesia
555915,73069,Product 1,16,05/27/2023 00:55,71.26,15486,Indonesia
518058,98896,Product 10,3,11/21/2023 12:03,98.39,18996,Indonesia
576637,66746,Product 10,8,01/16/2023 15:54,5.97,15855,Indonesia
540718,31542,Product 2,6,09/15/2023 16:27,10.57,16235,Indonesia
532602,41312,Product 9,16,06/09/2023 19:23,72.33,16668,Indonesia
574658,55242,Product 13,16,06/27/2023 02:32,28.9,18392,Indonesia
578112,97893,Product 16,7,06/28/2023 10:36,19.25,17280,Indonesia
558067,65388,Product 18,13,09/25/2023 02:00,4.9,18392,Indonesia
527516,37691,Product 19,13,06/17/2023 09:42,3.16,17280,Indonesia
587969,87960,Product 12,5,02/13/2023 12:11,77.67,15056,Indonesia
501089,94388,Product 8,18,04/05/2023 13:01,14.31,16873,Indonesia
537346,32601,Product 17,15,09/10/2023 18:49,47.3,12612,Indonesia
574663,28020,Product 15,18,02/04/2023 22:16,60.98,13840,Indonesia
510487,18155,Product 10,2,03/31/2023 07:28,43.41,13840,Indonesia
500155,79119,Product 15,10,03/31/2023 01:50,3.68,15191,Indonesia
567494,91051,Product 15,13,04/15/2023 06:03,78.57,13152,Indonesia
576229,46777,Product 7,18,11/10/2023 20:49,2.04,10502,Indonesia
538547,29710,Product 13,15,03/16/2023 03:24,76.43,17629,Indonesia
528795,34532,Product 17,12,10/04/2023 03:09,89.44,14426,Indonesia
555296,28601,Product 9,15,12/23/2023 08:23,43.85,13843,Indonesia
521447,73227,Product 8,13,07/11/2023 02:48,54.02,10769,Indonesia
536598,14967,Product 18,18,04/09/2023 15:35,48.22,13073,Indonesia
541814,94289,Product 13,15,04/06/2023 22:31,39.53,16949,Indonesia
590751,30022,Product 16,11,02/06/2023 11:48,88.86,19268,Indonesia
575330,53463,Product 9,19,07/02/2023 12:22,89.5,13099,Indonesia
598745,84671,Product 12,3,08/05/2023 02:40,34.25,18996,Indonesia
587960,15722,Product 12,7,10/13/2023 16:48,61.89,16910,Indonesia
563278,37413,Product 6,14,03/03/2023 19:47,92.76,15530,Indonesia
555077,91050,Product 19,14,08/05/2023 21:12,96.24,16863,Indonesia
571906,95867,Product 7,13,07/06/2023 18:48,51.39,16528,Indonesia
509528,93596,Product 3,12,04/10/2023 11:40,45.83,19167,Indonesia
593812,76732,Product 16,9,03/17/2023 08:06,28.59,12790,Indonesia
550100,22297,Product 18,1,10/11/2023 13:30,95.93,11707,Indonesia
508179,78323,Product 16,19,02/21/2023 18:57,15.14,17994,Indonesia
548781,33816,Product 7,11,05/24/2023 20:04,58.4,18996,Indonesia
555267,50695,Product 4,19,04/09/2023 11:24,28.97,17099,Indonesia
582379,29702,Product 8,18,02/22/2023 22:15,28.62,13104,Indonesia
523952,35242,Product 13,12,02/26/2023 06:44,41.09,19268,Indonesia
553798,65841,Product 13,1,06/30/2023 09:57,99.88,14931,Indonesia
598696,77712,Product 17,19,08/11/2023 04:34,6.44,13696,Indonesia
550939,95663,Product 17,17,08/03/2023 10:10,58.28,13152,Indonesia
529516,63574,Product 5,5,05/26/2023 14:11,9.17,18755,Indonesia
556526,95744,Product 6,3,01/09/2023 09:57,16.3,10206,Indonesia
510449,38482,Product 19,2,09/10/2023 05:06,44.52,15855,Indonesia
550290,19171,Product 13,3,06/23/2023 12:39,51.54,11306,Indonesia
586661,13696,Product 14,8,06/19/2023 08:49,26.62,15892,Indonesia
572954,30058,Product 4,16,10/10/2023 01:04,32.33,17208,Indonesia
522746,30313,Product 7,6,01/29/2023 04:37,9.61,14413,Indonesia
567990,29149,Product 8,13,12/05/2023 07:47,31.02,10854,Indonesia
558810,63521,Product 13,16,12/31/2023 00:21,96.69,12693,Indonesia
583297,55740,Product 6,16,05/25/2023 06:24,94.53,14426,Indonesia
515223,14956,Product 6,3,10/28/2023 03:35,34.15,19268,Indonesia
572237,85731,Product 3,13,03/11/2023 18:43,57.51,11707,Indonesia
502597,92612,Product 3,14,07/01/2023 06:26,91.05,11707,Indonesia
565677,76641,Product 13,8,07/21/2023 18:38,1.61,15393,Indonesia
502659,73811,Product 2,12,05/06/2023 02:44,81.26,17734,Indonesia
586516,62160,Product 16,8,05/21/2023 17:27,94.89,13696,Indonesia
574567,61313,Product 6,9,05/06/2023 19:27,10.04,12047,Indonesia
515037,73232,Product 8,1,11/13/2023 08:38,16.98,17629,Indonesia
546738,25417,Product 8,6,01/01/2023 02:12,96.11,19692,Indonesia
571678,34729,Product 6,19,12/14/2023 16:24,54.22,18433,Indonesia
512109,40099,Product 14,11,11/08/2023 00:37,2.41,16863,Indonesia
522010,39961,Product 3,11,04/27/2023 05:57,26.51,15172,Indonesia
508787,22602,Product 10,13,02/13/2023 12:31,45.54,16873,Indonesia
508472,19256,Product 3,11,06/22/2023 14:20,69.6,12734,Indonesia
523383,96120,Product 12,18,03/21/2023 21:20,73.58,17574,Indonesia
561709,44681,Product 17,15,07/22/2023 04:35,99.55,10995,Indonesia
569785,97440,Product 5,1,08/15/2023 18:19,29.46,12047,Indonesia
534518,74789,Product 9,7,02/16/2023 08:48,54.28,15191,Indonesia
553909,53361,Product 7,13,01/14/2023 14:30,53.8,19721,Indonesia
518351,74503,Product 4,12,01/01/2023 20:53,41.16,14859,Indonesia
569624,44540,Product 13,18,09/16/2023 15:22,17.75,18838,Indonesia
553330,36536,Product 13,19,01/12/2023 09:31,97.77,17554,Indonesia
515282,94700,Product 10,15,09/29/2023 07:37,85.48,15393,Indonesia
584866,73043,Product 18,8,06/05/2023 20:07,50.33,15575,Indonesia
521778,88532,Product 17,19,05/02/2023 03:25,60.72,15249,Indonesia
524264,66575,Product 13,10,05/16/2023 17:27,23.5,13005,Indonesia
559675,12871,Product 17,7,08/08/2023 04:40,54.83,19762,Indonesia
505075,56002,Product 4,18,08/16/2023 21:16,69.8,17574,Indonesia
575948,59812,Product 1,16,07/20/2023 00:52,52.0,16265,Indonesia
548454,32626,Product 1,6,07/31/2023 12:27,99.04,10698,Indonesia
528365,69979,Product 15,9,08/28/2023 12:45,61.52,11585,Indonesia
572766,86057,Product 13,13,02/04/2023 05:17,37.73,10466,Indonesia
548200,76668,Product 17,8,09/13/2023 04:46,77.44,11021,Indonesia
511002,90070,Product 8,16,01/10/2023 17:58,17.88,11678,Indonesia
513947,99390,Product 18,13,12/31/2023 04:54,39.07,11757,Indonesia
579222,52998,Product 13,13,10/16/2023 21:00,35.35,14887,Indonesia
594840,73814,Product 14,17,05/26/2023 14:48,43.75,17916,Indonesia
578610,55607,Product 8,5,09/24/2023 20:25,78.4,12027,Indonesia
552142,17812,Product 8,17,03/04/2023 21:58,48.93,17916,Indonesia
556307,71844,Product 15,9,10/10/2023 16:12,79.61,14297,Indonesia
504493,80093,Product 13,2,04/08/2023 08:34,58.07,15734,Indonesia
550085,12179,Product 7,18,11/07/2023 05:27,34.86,17099,Indonesia
534228,53798,Product 5,9,07/16/2023 04:37,81.19,10860,Indonesia
579676,84601,Product 17,6,09/16/2023 20:22,24.59,18666,Indonesia
551875,18275,Product 16,11,02/22/2023 04:09,23.21,14658,Indonesia
531655,60574,Product 2,6,03/24/2023 16:20,50.95,19789,Indonesia
543472,57857,Product 18,6,03/19/2023 08:45,26.82,16910,Indonesia
549437,30700,Product 17,13,01/01/2023 18:44,1.9,12731,Indonesia
549416,49464,Product 7,11,07/24/2023 03:00,65.18,13104,Indonesia
559711,52351,Product 13,14,10/15/2023 01:27,51.6,11306,Indonesia
506816,92534,Product 18,2,04/05/2023 07:38,45.11,12062,Indonesia
577175,23869,Product 14,8,06/03/2023 01:53,96.73,10502,Indonesia
564307,70315,Product 18,3,04/28/2023 02:58,57.55,18529,Indonesia
546733,30954,Product 13,3,11/02/2023 11:00,86.48,18154,Indonesia
595028,41555,Product 11,1,02/23/2023 11:04,14.81,15618,Indonesia
511240,73353,Product 16,19,08/10/2023 16:47,57.35,19062,Indonesia
598234,92190,Product 17,18,09/12/2023 14:22,86.93,16910,Indonesia
592493,55026,Product 8,17,07/26/2023 04:20,58.73,19721,Indonesia
598344,56976,Product 19,13,03/07/2023 10:50,72.08,10769,Indonesia
571363,90578,Product 15,3,04/13/2023 05:33,37.83,11016,Indonesia
532762,55095,Product 9,1,10/21/2023 17:33,10.15,19268,Indonesia
508259,24270,Product 10,4,12/04/2023 14:26,46.33,14488,Indonesia
550139,40908,Product 12,13,11/04/2023 05:32,40.05,18684,Indonesia
514849,25523,Product 1,17,12/01/2023 22:41,86.84,19167,Indonesia
581768,72433,Product 9,11,02/20/2023 16:04,25.16,13627,Indonesia
589709,57068,Product 15,2,10/12/2023 03:09,96.71,15393,Indonesia
554869,29991,Product 1,16,07/03/2023 16:09,95.86,13304,Indonesia
563095,20775,Product 12,2,09/30/2023 19:23,25.52,10995,Indonesia
570910,87801,Product 3,19,03/10/2023 01:05,35.46,17385,Indonesia
586710,94995,Product 11,19,02/22/2023 01:12,89.66,11059,Indonesia
523567,71250,Product 2,16,05/06/2023 10:42,96.7,10391,Indonesia
535292,26673,Product 16,19,08/28/2023 10:50,44.9,13510,Indonesia
574813,37056,Product 9,9,04/21/2023 22:54,32.78,13304,Indonesia
597136,16614,Product 15,1,12/02/2023 10:53,53.08,17385,Indonesia
551631,17415,Product 12,10,01/08/2023 03:39,69.09,12731,Indonesia
509885,98691,Product 1,19,07/03/2023 02:31,28.07,12747,Indonesia
559659,53884,Product 13,1,07/14/2023 17:57,73.91,15393,Indonesia
554306,26964,Product 14,2,02/20/2023 18:20,6.11,13152,Indonesia
566314,47726,Product 8,16,01/05/2023 17:27,5.88,12558,Indonesia
565087,47044,Product 8,12,06/19/2023 21:20,39.24,14887,Indonesia
529165,67149,Product 12,8,11/22/2023 00:04,35.99,15249,Indonesia
558929,47544,Product 1,18,08/21/2023 11:25,32.25,11757,Indonesia
567028,59976,Product 11,2,02/15/2023 01:48,49.61,11291,Indonesia
595998,42252,Product 8,13,03/19/2023 12:26,32.75,14636,Indonesia
549812,13832,Product 10,6,03/14/2023 14:56,20.03,13748,Indonesia
550500,90437,Product 19,6,08/02/2023 14:55,31.64,15134,Indonesia
579151,44148,Product 11,9,12/16/2023 10:47,97.52,15056,Indonesia
558643,71240,Product 7,16,03/02/2023 16:25,41.7,11899,Indonesia
544900,98454,Product 11,11,10/19/2023 00:07,45.03,10202,Indonesia
542946,95076,Product 17,7,04/23/2023 02:51,58.08,16235,Indonesia
507851,87116,Product 1,10,07/26/2023 14:55,98.35,14389,Indonesia
516288,63459,Product 8,10,08/02/2023 13:25,24.92,11663,Indonesia
572692,48402,Product 6,18,01/28/2023 22:13,68.45,15486,Indonesia
567580,67727,Product 18,9,08/04/2023 01:44,71.88,15575,Indonesia
507368,48578,Product 6,15,06/03/2023 13:58,61.13,10863,Indonesia
585436,32318,Product 5,4,11/08/2023 18:06,9.77,17099,Indonesia
596136,85715,Product 13,8,01/03/2023 14:22,68.01,12734,Indonesia
546403,87787,Product 19,9,08/26/2023 10:46,7.35,18154,Indonesia
591170,95029,Product 8,13,10/01/2023 05:34,60.02,17392,Indonesia
509168,30466,Product 9,9,01/15/2023 22:36,74.22,17408,Indonesia
586497,55475,Product 17,4,01/28/2023 09:38,21.89,15134,Indonesia
549879,70142,Product 3,17,09/30/2023 06:21,84.32,16873,Indonesia
559871,95160,Product 19,16,05/06/2023 11:24,4.01,14737,Indonesia
589388,36564,Product 11,15,05/25/2023 12:19,84.54,10863,Indonesia
598646,32412,Product 17,3,01/25/2023 03:09,46.57,11528,Indonesia
532174,61001,Product 19,5,03/08/2023 08:44,22.54,15578,Indonesia
599751,67649,Product 2,5,05/26/2023 14:35,14.24,17280,Indonesia
592491,70957,Product 8,15,04/21/2023 21:33,95.38,15191,Indonesia
506581,45517,Product 19,18,04/21/2023 07:39,8.19,16184,Indonesia
571853,23156,Product 7,15,08/24/2023 18:41,20.71,19467,Indonesia
564046,33064,Product 17,2,04/11/2023 05:51,35.43,11685,Indonesia
549678,35711,Product 6,13,10/09/2023 01:58,62.4,14389,Indonesia
526649,40106,Product 19,4,11/11/2023 12:05,54.94,19925,Indonesia
588668,75458,Product 6,10,08/17/2023 00:52,13.44,11267,Indonesia
582325,26589,Product 2,13,05/30/2023 20:05,29.68,18004,Indonesia
514567,99272,Product 6,10,03/11/2023 22:47,24.64,17280,Indonesia
580404,96511,Product 5,9,01/04/2023 10:29,22.14,11707,Indonesia
589906,17214,Product 19,8,04/05/2023 22:08,41.7,13627,Indonesia
596019,95731,Product 4,3,09/04/2023 02:50,70.7,19925,Indonesia
561944,37127,Product 17,16,01/31/2023 07:36,22.53,10391,Indonesia
578002,15141,Product 11,14,02/05/2023 05:01,37.3,15486,Indonesia
528803,38884,Product 4,9,08/08/2023 10:03,39.7,15116,Indonesia
518230,12708,Product 13,11,12/01/2023 05:53,97.67,15535,Indonesia
517862,28375,Product 17,3,04/04/2023 05:50,95.51,14297,Indonesia
543355,25088,Product 9,5,03/03/2023 01:14,80.21,19268,Indonesia
531259,67615,Product 4,10,07/22/2023 07:25,24.92,15116,Indonesia
599075,55046,Product 14,13,06/22/2023 11:04,7.74,15311,Indonesia
587445,20014,Product 19,4,11/22/2023 21:03,32.37,11484,Indonesia
530795,74425,Product 3,13,10/02/2023 19:32,27.41,15864,Indonesia
508770,13273,Product 14,12,01/20/2023 16:11,51.09,11899,Indonesia
511093,57135,Product 8,5,02/16/2023 00:25,78.0,10502,Indonesia
546571,40881,Product 1,10,05/22/2023 05:36,85.97,19692,Indonesia
500193,88077,Product 10,9,05/19/2023 03:12,84.64,11663,Indonesia
517569,18712,Product 18,7,09/16/2023 00:05,36.61,19914,Indonesia
511190,84704,Product 16,2,06/27/2023 09:04,69.04,16863,Indonesia
562824,62874,Product 8,7,05/18/2023 11:01,31.97,12062,Indonesia
542752,79087,Product 1,8,01/13/2023 07:01,7.03,19268,Indonesia
532327,22297,Product 12,7,03/25/2023 00:36,70.45,14426,Indonesia
542070,37128,Product 8,14,11/25/2023 16:08,1.97,14413,Indonesia
585925,78368,Product 16,19,02/07/2023 22:34,41.51,16396,Indonesia
540197,97599,Product 18,5,04/04/2023 16:04,33.61,17208,Indonesia
502261,98499,Product 4,18,11/14/2023 11:49,69.64,11585,Indonesia
593905,88958,Product 6,12,11/30/2023 20:55,76.86,16892,Indonesia
526512,42920,Product 12,17,05/17/2023 01:11,31.11,19721,Indonesia
506716,21156,Product 9,13,02/04/2023 00:39,81.35,10854,Indonesia
586795,21108,Product 15,2,11/16/2023 21:28,30.1,19167,Indonesia
528933,41845,Product 16,13,11/24/2023 10:40,45.19,18154,Indonesia
504378,12800,Product 12,7,08/17/2023 13:29,72.97,19925,Indonesia
540583,52712,Product 14,10,10/18/2023 20:36,69.6,18433,Indonesia
585371,12610,Product 13,6,01/05/2023 18:58,98.75,11016,Indonesia
529033,87603,Product 2,3,03/19/2023 03:24,23.29,17916,Indonesia
524000,43872,Product 3,3,08/25/2023 09:24,66.57,10878,Indonesia
575868,20728,Product 10,18,10/23/2023 07:38,61.36,16873,Indonesia
542604,30583,Product 9,11,04/14/2023 13:31,91.59,13556,Indonesia
568336,95774,Product 8,5,06/28/2023 05:32,16.48,17989,Indonesia
595074,17263,Product 10,19,01/23/2023 14:32,75.43,13840,Indonesia
595655,77450,Product 19,19,06/02/2023 16:32,57.26,14426,Indonesia
573869,99285,Product 3,15,11/05/2023 07:39,28.19,16863,Indonesia
505410,29456,Product 5,16,02/08/2023 18:05,47.97,10202,Indonesia
583375,75942,Product 3,9,05/14/2023 02:06,34.04,15530,Indonesia
556044,23689,Product 16,4,06/28/2023 07:41,58.35,17858,Indonesia
563315,42934,Product 17,15,01/15/2023 14:28,89.01,19670,Indonesia
596055,43276,Product 15,12,10/16/2023 19:29,57.36,14737,Indonesia
571344,29873,Product 3,3,08/19/2023 03:28,63.54,15535,Indonesia
506796,23050,Product 12,14,02/07/2023 00:36,52.36,14488,Indonesia
586716,76216,Product 9,17,10/16/2023 03:21,6.07,17629,Indonesia
554245,94444,Product 12,19,11/18/2023 09:04,24.05,17408,Indonesia
543056,94040,Product 15,6,05/03/2023 09:32,49.71,12693,Indonesia
517709,31644,Product 2,4,04/28/2023 05:12,31.71,10502,Indonesia
558557,72021,Product 18,7,06/08/2023 14:35,18.99,12433,Indonesia
517543,47125,Product 12,19,12/31/2023 19:55,50.91,13073,Indonesia
537418,76899,Product 4,17,01/15/2023 07:04,32.96,15276,Indonesia
594611,52291,Product 16,16,06/06/2023 14:03,26.55,16278,Indonesia
596038,45060,Product 16,15,11/28/2023 12:01,46.93,18996,Indonesia
516724,11538,Product 1,8,04/05/2023 18:50,14.2,15864,Indonesia
503828,46176,Product 2,19,10/19/2023 10:26,92.85,19789,Indonesia
517087,51520,Product 3,8,03/10/2023 19:10,86.9,18901,Indonesia
512605,35675,Product 17,18,09/11/2023 09:39,71.05,18666,Indonesia
531337,28287,Product 1,16,02/07/2023 05:07,11.52,18154,Indonesia
505482,10174,Product 6,19,01/23/2023 14:25,77.81,18792,Indonesia
565333,44998,Product 15,10,10/29/2023 10:11,80.99,11853,Indonesia
592541,63312,Product 14,17,08/06/2023 12:39,77.01,10189,Indonesia
588296,22112,Product 15,13,07/29/2023 00:46,12.28,16873,Indonesia
550952,85225,Product 14,13,04/14/2023 10:11,64.75,17035,Indonesia
505463,54814,Product 5,7,12/22/2023 15:03,83.6,14658,Indonesia
570448,95091,Product 6,10,05/13/2023 04:07,58.16,17892,Indonesia
504648,60719,Product 17,2,05/07/2023 09:48,64.99,13304,Indonesia
533623,43919,Product 11,4,04/02/2023 08:53,46.38,15486,Indonesia
559156,83155,Product 16,6,02/20/2023 13:39,53.34,11678,Indonesia
535634,81569,Product 12,18,10/24/2023 21:10,4.4,14737,Indonesia
544602,51328,Product 15,6,09/14/2023 13:36,64.26,13890,Indonesia
549334,80482,Product 4,17,12/12/2023 13:35,9.06,18792,Indonesia
568648,34618,Product 18,14,07/01/2023 22:56,44.07,12062,Indonesia
522054,44675,Product 3,11,01/01/2023 21:54,29.97,12734,Indonesia
570028,28919,Product 8,19,05/29/2023 14:08,55.0,19721,Indonesia
522207,14173,Product 3,2,11/05/2023 08:09,14.21,11059,Indonesia
580650,36400,Product 8,3,11/09/2023 20:25,69.47,16331,Indonesia
599821,60445,Product 18,11,10/18/2023 19:24,79.71,18571,Indonesia
581554,80305,Product 10,6,03/31/2023 10:37,17.17,17392,Indonesia
521386,47564,Product 17,14,07/29/2023 01:26,11.33,15051,Indonesia
583276,55814,Product 8,19,01/17/2023 10:58,15.41,10202,Indonesia
559518,89747,Product 11,16,12/30/2023 18:53,87.84,19692,Indonesia
552781,98791,Product 5,7,06/01/2023 06:51,53.29,11636,Indonesia
552780,37962,Product 13,8,07/17/2023 20:23,47.26,12433,Indonesia
561440,94892,Product 5,19,06/10/2023 16:28,11.56,16528,Indonesia
544199,95842,Product 13,16,03/04/2023 10:21,65.31,18901,Indonesia
561035,80533,Product 6,7,06/03/2023 17:20,86.93,13242,Indonesia
508210,66184,Product 5,9,02/18/2023 06:16,82.99,12693,Indonesia
544363,92912,Product 9,13,03/25/2023 08:48,62.98,15915,Indonesia
578279,20578,Product 16,1,05/28/2023 21:21,8.45,18996,Indonesia
560348,28624,Product 2,8,03/04/2023 07:48,12.13,17035,Indonesia
555284,49194,Product 1,4,11/23/2023 00:31,5.88,17916,Indonesia
572124,10389,Product 8,3,05/21/2023 22:50,26.49,16736,Indonesia
568847,77391,Product 19,3,07/30/2023 16:44,14.43,13840,Indonesia
522432,23794,Product 11,13,10/13/2023 15:39,26.74,17408,Indonesia
564089,68002,Product 12,8,01/19/2023 17:00,39.12,15393,Indonesia
555398,45531,Product 12,7,03/19/2023 18:46,94.36,15276,Indonesia
599291,62815,Product 7,1,07/13/2023 21:27,61.43,17208,Indonesia
503321,14986,Product 13,16,04/23/2023 17:29,83.66,15578,Indonesia
581348,42298,Product 8,6,06/15/2023 18:03,71.32,13304,Indonesia
537383,11481,Product 9,7,09/21/2023 22:38,12.14,15618,Indonesia
578682,66408,Product 7,12,05/11/2023 09:09,73.86,14658,Indonesia
579190,79267,Product 15,9,06/11/2023 00:22,28.23,11853,Indonesia
552893,26835,Product 2,11,02/24/2023 17:06,64.27,18322,Indonesia
535820,37798,Product 12,10,12/15/2023 07:00,34.76,10064,Indonesia
566262,74887,Product 1,1,11/09/2023 22:02,99.77,15134,Indonesia
503760,29477,Product 8,18,09/12/2023 07:53,27.09,13385,Indonesia
522190,27266,Product 5,4,09/06/2023 14:36,28.63,16331,Indonesia
567411,96328,Product 15,5,03/08/2023 18:32,93.14,13104,Indonesia
523377,95988,Product 1,9,04/02/2023 14:07,3.44,15864,Indonesia
546737,53526,Product 1,17,10/18/2023 13:31,69.97,17629,Indonesia
569569,21889,Product 10,3,04/30/2023 13:42,72.81,12433,Indonesia
538211,34335,Product 10,16,06/14/2023 21:20,83.8,15249,Indonesia
582909,21254,Product 15,5,08/11/2023 22:47,97.47,18755,Indonesia
503744,96610,Product 17,16,01/07/2023 09:06,97.58,11484,Indonesia
524995,21442,Product 6,3,06/10/2023 22:20,7.46,16331,Indonesia
516977,56289,Product 3,15,05/27/2023 15:18,82.36,18792,Indonesia
597938,63747,Product 13,3,02/05/2023 17:01,64.98,18006,Indonesia
534542,47327,Product 16,14,10/30/2023 04:19,65.09,10206,Indonesia
510651,26199,Product 8,16,01/11/2023 09:01,13.71,10391,Indonesia
599239,82827,Product 15,17,07/14/2023 22:54,65.37,11495,Indonesia
578931,10112,Product 17,18,01/20/2023 04:36,98.27,16265,Indonesia
595344,97051,Product 17,18,09/13/2023 08:33,91.27,15791,Indonesia
516715,29581,Product 13,14,02/22/2023 11:34,44.47,17385,Indonesia
544409,69722,Product 17,18,12/08/2023 11:23,4.95,18838,Indonesia
524306,26523,Product 6,15,03/22/2023 09:29,36.87,11484,Indonesia
519086,76960,Product 17,15,04/30/2023 13:22,82.81,13627,Indonesia
514376,29552,Product 16,6,05/08/2023 16:49,70.45,13696,Indonesia
561350,20808,Product 14,15,04/25/2023 16:13,46.48,15675,Indonesia
571425,82525,Product 13,18,01/09/2023 07:01,6.46,15463,Indonesia
536636,33620,Product 6,4,08/25/2023 06:08,43.26,16668,Indonesia
586120,10887,Product 3,8,09/03/2023 21:42,47.43,15977,Indonesia
551649,41802,Product 14,15,01/04/2023 12:33,92.93,18110,Indonesia
534610,95024,Product 14,3,08/03/2023 04:10,64.47,15578,Indonesia
510058,91938,Product 15,15,11/22/2023 17:20,31.85,16863,Indonesia
574637,96741,Product 8,13,02/11/2023 03:40,53.01,10663,Indonesia
578033,36049,Product 15,9,02/03/2023 16:36,7.54,15116,Indonesia
570194,87789,Product 13,2,06/02/2023 05:57,97.28,13005,Indonesia
576917,94526,Product 17,8,03/17/2023 22:52,36.65,17208,Indonesia
564200,17846,Product 3,17,12/28/2023 21:20,48.31,17734,Indonesia
546619,56220,Product 6,13,01/27/2023 05:26,36.17,17574,Indonesia
517154,56163,Product 5,1,06/17/2023 01:11,68.57,19925,Indonesia
519539,13765,Product 17,2,08/25/2023 20:06,66.56,15535,Indonesia
560058,91486,Product 2,15,06/22/2023 16:25,71.82,17270,Indonesia
562068,55270,Product 15,12,07/09/2023 13:01,27.55,16863,Indonesia
577313,85277,Product 5,14,11/06/2023 10:00,32.25,12047,Indonesia
599932,98278,Product 6,2,11/03/2023 20:35,13.4,17392,Indonesia
530373,32931,Product 6,18,10/09/2023 20:10,65.9,10769,Indonesia
533154,99116,Product 18,7,10/23/2023 10:35,4.94,18164,Indonesia
506031,65633,Product 18,6,04/23/2023 06:39,60.17,16019,Indonesia
593533,90702,Product 4,14,08/15/2023 21:33,87.1,17392,Indonesia
571975,61913,Product 17,8,02/24/2023 14:23,89.19,17892,Indonesia
522785,35991,Product 14,2,09/03/2023 21:04,45.45,11016,Indonesia
578928,64845,Product 14,17,11/08/2023 00:57,46.47,18322,Indonesia
528669,65312,Product 13,5,02/05/2023 14:19,8.62,10775,Indonesia
594475,20561,Product 7,14,08/15/2023 19:42,67.41,15463,Indonesia
502282,26901,Product 12,3,12/03/2023 12:42,82.3,10391,Indonesia
534624,72875,Product 15,5,07/20/2023 01:52,25.22,16184,Indonesia
548438,35917,Product 19,16,03/14/2023 08:39,42.71,10161,Indonesia
589900,72120,Product 11,18,01/17/2023 00:24,84.05,12790,Indonesia
567534,11988,Product 15,17,03/02/2023 10:39,87.83,10189,Indonesia
531705,24256,Product 12,11,02/11/2023 06:34,25.07,13510,Indonesia
538244,97728,Product 3,17,05/11/2023 17:36,55.51,17555,Indonesia
574964,38230,Product 17,16,04/18/2023 11:50,20.06,15051,Indonesia
537437,69778,Product 3,2,04/12/2023 01:11,11.09,11267,Indonesia
577872,55833,Product 19,4,10/02/2023 04:43,91.2,15977,Indonesia
574878,32625,Product 4,7,11/01/2023 16:09,82.23,11267,Indonesia
572982,42088,Product 3,2,02/26/2023 22:48,76.24,14931,Indonesia
550583,89650,Product 16,6,10/30/2023 11:15,5.83,15578,Indonesia
538392,51167,Product 12,17,08/04/2023 18:07,84.53,17629,Indonesia
507461,81291,Product 8,7,05/29/2023 16:22,44.37,12327,Indonesia
510516,75303,Product 17,5,07/17/2023 07:24,34.9,10860,Indonesia
579285,86361,Product 7,5,03/30/2023 11:14,55.1,16331,Indonesia
517514,98229,Product 11,16,02/28/2023 08:44,10.04,18004,Indonesia
536268,14117,Product 18,19,01/26/2023 14:31,75.91,12433,Indonesia
590486,70710,Product 1,9,09/23/2023 15:06,58.66,14887,Indonesia
536788,77054,Product 3,5,10/09/2023 20:21,19.47,17392,Indonesia
575749,40949,Product 4,8,09/07/2023 06:13,19.63,17280,Indonesia
561049,32547,Product 13,9,12/01/2023 20:06,19.24,11306,Indonesia
562493,91882,Product 6,5,05/17/2023 18:47,6.64,16863,Indonesia
536027,78136,Product 14,10,11/24/2023 17:58,59.19,12731,Indonesia
593547,74619,Product 5,2,08/03/2023 17:30,84.19,14297,Indonesia
542849,71842,Product 16,9,04/13/2023 16:13,2.73,15791,Indonesia
517858,36990,Product 15,11,06/08/2023 02:43,5.85,12558,Indonesia
584162,26193,Product 15,4,07/07/2023 12:33,57.7,11528,Indonesia
579003,40109,Product 4,2,05/11/2023 04:42,82.13,13843,Indonesia
552395,29233,Product 8,6,07/02/2023 22:43,33.35,16528,Indonesia
539758,91730,Product 16,14,02/08/2023 14:55,35.61,16668,Indonesia
554312,44510,Product 16,1,01/04/2023 21:24,60.04,17734,Indonesia
568670,11306,Product 4,18,07/29/2023 00:15,28.15,18684,Indonesia
582279,13849,Product 13,7,04/18/2023 01:54,3.63,15051,Indonesia
515434,22360,Product 13,1,08/15/2023 09:33,73.79,18996,Indonesia
564047,55800,Product 2,1,09/08/2023 22:12,62.94,16910,Indonesia
547775,46963,Product 3,1,05/21/2023 17:31,58.49,15116,Indonesia
575769,64330,Product 8,4,04/06/2023 02:58,74.43,18433,Indonesia
566677,61707,Product 15,4,02/08/2023 13:51,67.85,11853,Indonesia
583555,28689,Product 11,18,01/29/2023 16:28,21.38,14737,Indonesia
585920,39084,Product 9,11,11/14/2023 20:43,35.9,10769,Indonesia
545734,50387,Product 7,1,07/04/2023 15:55,13.48,17392,Indonesia
588503,84816,Product 13,10,08/24/2023 14:56,13.86,14488,Indonesia
540603,12642,Product 2,9,09/23/2023 06:19,67.94,17721,Indonesia
576708,52137,Product 8,4,03/06/2023 16:02,86.0,17385,Indonesia
581926,89832,Product 7,6,05/22/2023 17:03,96.31,13748,Indonesia
568803,65561,Product 12,16,05/26/2023 04:24,63.21,14555,Indonesia
539332,72260,Product 19,2,07/12/2023 20:45,19.23,18006,Indonesia
591703,25438,Product 7,18,03/14/2023 14:48,11.46,18006,Indonesia
521312,58442,Product 10,10,12/10/2023 03:11,81.47,13556,Indonesia
593376,12994,Product 16,17,07/06/2023 04:36,58.3,15249,Indonesia
584526,11813,Product 3,13,07/17/2023 06:55,62.21,11028,Indonesia
544179,94381,Product 10,18,11/15/2023 13:23,78.36,11678,Indonesia
571442,65276,Product 6,13,01/11/2023 12:33,70.62,13627,Indonesia
540379,51243,Product 18,17,06/02/2023 06:51,83.61,18006,Indonesia
517297,72912,Product 18,5,09/17/2023 07:19,6.57,19914,Indonesia
502011,70272,Product 5,11,12/15/2023 21:52,75.0,15390,Indonesia
544014,52051,Product 7,7,08/31/2023 12:45,85.23,13005,Indonesia
511738,88854,Product 2,10,11/26/2023 10:33,29.33,19914,Indonesia
594333,92736,Product 11,17,11/09/2023 08:48,64.4,11267,Indonesia
547498,75618,Product 13,15,09/16/2023 05:04,32.1,12747,Indonesia
511120,11920,Product 5,18,09/18/2023 21:46,95.84,18006,Indonesia
508767,87219,Product 6,19,08/03/2023 16:08,4.31,18792,Indonesia
522852,86872,Product 14,2,04/09/2023 19:57,58.4,10189,Indonesia
579239,91132,Product 12,4,08/29/2023 09:34,17.48,10161,Indonesia
500929,12093,Product 4,3,06/27/2023 17:16,71.51,11678,Indonesia
577487,22905,Product 6,7,08/04/2023 02:31,18.41,16439,Indonesia
591575,34351,Product 10,18,08/15/2023 05:12,24.3,15393,Indonesia
595040,40981,Product 18,10,04/30/2023 14:24,49.94,19555,Indonesia
517438,83903,Product 15,7,11/25/2023 03:13,91.57,17392,Indonesia
548515,80821,Product 8,8,12/23/2023 01:10,21.96,17892,Indonesia
505744,92289,Product 9,6,04/15/2023 02:58,15.28,12612,Indonesia
583820,94021,Product 5,1,01/29/2023 08:02,76.14,14218,Indonesia
542417,88513,Product 10,4,08/14/2023 11:41,50.56,17280,Indonesia
507069,29874,Product 6,14,01/09/2023 14:39,91.27,13304,Indonesia
542359,60931,Product 16,17,01/25/2023 04:10,15.51,13304,Indonesia
519799,17674,Product 3,18,08/14/2023 14:37,64.95,10995,Indonesia
598746,60516,Product 10,11,11/24/2023 04:47,24.06,13099,Indonesia
593762,70686,Product 11,14,03/31/2023 17:05,16.52,13304,Indonesia
570188,79212,Product 11,9,02/06/2023 15:12,68.66,17916,Indonesia
589859,12426,Product 17,15,10/11/2023 04:12,59.77,17385,Indonesia
507597,78498,Product 4,12,03/22/2023 17:39,75.73,11636,Indonesia
547093,39943,Product 4,10,10/28/2023 18:57,31.64,15249,Indonesia
537226,76395,Product 17,19,11/19/2023 07:33,45.35,15592,Indonesia
572127,54816,Product 9,19,02/09/2023 12:44,41.14,17994,Indonesia
591369,14138,Product 19,6,10/16/2023 05:23,98.42,13627,Indonesia
577362,85945,Product 5,6,05/27/2023 15:39,29.93,16873,Indonesia
526417,14017,Product 6,8,04/02/2023 00:58,30.19,15056,Indonesia
518693,20451,Product 3,1,02/28/2023 15:40,36.1,11585,Indonesia
579674,72956,Product 1,17,09/26/2023 10:44,56.89,15393,Indonesia
553161,20278,Product 16,17,12/11/2023 20:41,25.98,11021,Indonesia
502169,53764,Product 11,15,12/22/2023 05:06,91.61,17858,Indonesia
584092,11134,Product 13,7,05/13/2023 10:44,27.3,13304,Indonesia
522052,72943,Product 10,19,11/10/2023 18:30,89.69,18901,Indonesia
571849,64318,Product 3,3,01/23/2023 09:09,11.24,15892,Indonesia
573851,70128,Product 9,11,06/09/2023 10:52,66.0,18838,Indonesia
508036,98056,Product 12,19,06/07/2023 06:30,90.79,18529,Indonesia
531778,31869,Product 14,9,03/23/2023 03:01,17.71,19555,Indonesia
527734,15039,Product 1,10,07/25/2023 12:28,96.86,10202,Indonesia
523173,31281,Product 18,2,01/12/2023 06:01,45.84,14887,Indonesia
530403,20442,Product 17,1,08/12/2023 12:45,94.63,15191,Indonesia
566321,83788,Product 9,16,06/04/2023 16:40,68.01,11636,Indonesia
571675,37586,Product 9,18,01/17/2023 07:30,30.86,10391,Indonesia
506344,63053,Product 10,17,12/20/2023 12:34,19.64,16019,Indonesia
518800,60489,Product 19,6,11/22/2023 18:29,31.07,11585,Indonesia
525372,93104,Product 15,14,03/15/2023 08:31,10.21,15232,Indonesia
561516,96346,Product 5,15,11/15/2023 14:29,15.24,11899,Indonesia
520538,77087,Product 15,14,02/06/2023 21:03,11.36,13073,Indonesia
563918,22625,Product 2,3,12/18/2023 03:49,42.87,17270,Indonesia
514973,44397,Product 13,19,11/20/2023 16:11,79.76,15791,Indonesia
571155,68671,Product 16,12,07/12/2023 21:25,15.0,17408,Indonesia
559500,76897,Product 15,2,04/30/2023 17:49,13.9,16736,Indonesia
536575,36149,Product 10,3,09/27/2023 14:28,64.7,17208,Indonesia
542261,70030,Product 14,18,07/23/2023 03:58,20.52,19692,Indonesia
527716,79906,Product 10,1,08/15/2023 19:11,10.66,17408,Indonesia
503236,15283,Product 14,6,01/07/2023 10:32,17.52,16938,Indonesia
515848,17610,Product 9,5,05/14/2023 14:14,92.45,14737,Indonesia
502352,53326,Product 14,1,02/27/2023 22:25,82.33,17035,Indonesia
501932,24924,Product 3,19,08/14/2023 03:16,36.05,10064,Indonesia
576449,86162,Product 16,1,04/09/2023 12:40,65.93,15535,Indonesia
508556,10869,Product 2,16,02/08/2023 14:54,54.19,11757,Indonesia
586836,11014,Product 10,12,10/12/2023 10:51,68.04,15575,Indonesia
505498,20103,Product 3,8,10/15/2023 01:46,68.58,11585,Indonesia
576118,92522,Product 11,16,03/25/2023 21:10,63.24,15864,Indonesia
550098,43458,Product 11,1,01/27/2023 02:16,27.34,11059,Indonesia
564386,92409,Product 13,4,08/24/2023 20:46,4.86,15675,Indonesia
509569,33248,Product 7,10,12/23/2023 19:05,46.1,12433,Indonesia
556882,99160,Product 17,11,05/27/2023 04:02,89.21,10064,Indonesia
570393,53516,Product 2,17,09/14/2023 05:14,57.38,19555,Indonesia
500340,39061,Product 12,7,06/11/2023 02:48,83.41,17555,Indonesia
543949,34170,Product 10,12,10/08/2023 11:17,99.17,12695,Indonesia
582302,18024,Product 18,7,09/28/2023 11:15,17.2,18392,Indonesia
562443,92214,Product 11,12,01/27/2023 07:45,69.49,17215,Indonesia
591668,95947,Product 16,15,05/25/2023 20:07,67.76,15450,Indonesia
574027,53803,Product 17,2,03/20/2023 13:49,98.02,15578,Indonesia
500138,29296,Product 19,14,07/18/2023 02:28,98.57,16331,Indonesia
500358,96664,Product 18,13,06/30/2023 02:19,68.98,12062,Indonesia
575250,28257,Product 3,4,02/15/2023 14:24,25.12,16184,Indonesia
585376,22855,Product 16,14,08/10/2023 13:06,80.06,10878,Indonesia
599931,95178,Product 6,14,09/30/2023 11:19,11.6,15618,Indonesia
530654,30025,Product 12,16,08/16/2023 08:37,78.29,17270,Indonesia
525879,14458,Product 11,7,11/15/2023 21:53,91.11,17385,Indonesia
581532,73610,Product 15,19,04/27/2023 01:23,38.9,17734,Indonesia
555778,80843,Product 15,2,03/13/2023 10:12,63.43,14426,Indonesia
537772,93961,Product 16,10,07/28/2023 07:20,43.58,18004,Indonesia
558478,59831,Product 10,18,10/01/2023 17:45,44.34,16396,Indonesia
564353,53427,Product 12,17,04/05/2023 05:31,31.73,16278,Indonesia
526762,48506,Product 13,5,01/11/2023 12:24,76.45,19268,Indonesia
513283,15668,Product 4,12,10/16/2023 05:40,93.68,11585,Indonesia
563922,57195,Product 7,6,09/24/2023 21:50,94.13,15450,Indonesia
539420,83233,Product 2,9,03/29/2023 08:16,18.3,15258,Indonesia
555568,34417,Product 15,1,03/17/2023 13:31,87.6,16439,Indonesia
585090,91982,Product 8,15,03/21/2023 21:21,74.01,18958,Indonesia
520219,20751,Product 7,6,04/02/2023 19:32,26.03,12062,Indonesia
557169,56218,Product 15,19,07/21/2023 07:31,7.66,15892,Indonesia
574965,17352,Product 14,18,08/30/2023 00:01,27.53,14658,Indonesia
546840,89052,Product 8,6,08/13/2023 00:40,91.31,16396,Indonesia
544695,98835,Product 12,13,03/18/2023 19:25,63.68,14636,Indonesia
584754,38927,Product 13,1,04/13/2023 01:37,72.38,15855,Indonesia
577988,51094,Product 11,13,12/25/2023 13:57,26.46,15134,Indonesia
558342,64122,Product 17,7,05/23/2023 01:41,72.22,12695,Indonesia
518951,39493,Product 17,15,11/01/2023 07:10,3.78,11707,Indonesia
501307,83539,Product 4,12,11/13/2023 02:58,38.16,11853,Indonesia
580388,41707,Product 8,1,01/09/2023 05:08,63.05,12433,Indonesia
590768,78814,Product 5,15,12/25/2023 08:49,15.46,17892,Indonesia
535428,17296,Product 16,4,07/23/2023 07:07,82.48,16873,Indonesia
592021,35398,Product 4,13,06/27/2023 19:46,24.27,15791,Indonesia
575774,45842,Product 15,5,09/08/2023 06:10,65.58,15618,Indonesia
538975,23261,Product 12,2,03/25/2023 15:03,41.11,15864,Indonesia
501140,86709,Product 5,1,11/10/2023 21:25,60.01,16776,Indonesia
524842,66704,Product 16,16,01/03/2023 08:41,11.64,16736,Indonesia
526421,77173,Product 14,6,01/14/2023 10:17,2.67,15578,Indonesia
501708,41781,Product 10,16,01/12/2023 22:11,91.05,12693,Indonesia
503630,23652,Product 7,14,01/25/2023 12:50,27.69,18996,Indonesia
519595,15103,Product 13,3,05/02/2023 18:54,82.15,10769,Indonesia
576021,35500,Product 5,15,08/26/2023 03:44,99.94,19762,Indonesia
528308,45529,Product 3,3,08/09/2023 22:52,21.93,15276,Indonesia
544789,28452,Product 15,2,07/02/2023 18:43,27.25,13099,Indonesia
555690,59393,Product 4,1,03/23/2023 05:17,66.62,18571,Indonesia
526086,41174,Product 15,9,07/30/2023 21:36,96.58,10202,Indonesia
516859,74450,Product 14,9,12/18/2023 08:58,91.67,17555,Indonesia
507684,45436,Product 19,7,05/11/2023 09:50,50.78,16892,Indonesia
591088,57406,Product 13,3,02/04/2023 21:14,79.72,12433,Indonesia
501207,73059,Product 10,18,12/19/2023 06:11,14.44,15056,Indonesia
546099,25954,Product 5,11,11/01/2023 20:30,97.77,11059,Indonesia
567496,92722,Product 6,7,01/24/2023 19:36,96.47,15191,Indonesia
566093,22356,Product 4,9,01/04/2023 11:19,17.21,15450,Indonesia
529689,12187,Product 2,1,06/01/2023 17:48,30.64,17041,Indonesia
548651,87243,Product 16,14,04/06/2023 08:35,10.92,11306,Indonesia
513893,45098,Product 18,6,09/07/2023 20:33,27.9,16736,Indonesia
597808,31225,Product 5,7,08/16/2023 01:14,81.78,10698,Indonesia
566418,13606,Product 4,10,09/19/2023 06:41,38.45,10202,Indonesia
560011,67620,Product 13,7,08/31/2023 18:57,9.75,17392,Indonesia
538635,42828,Product 19,2,09/03/2023 11:02,34.88,15051,Indonesia
556115,36489,Product 2,4,08/25/2023 17:39,98.16,15393,Indonesia
595071,24387,Product 13,17,01/21/2023 14:32,63.34,18433,Indonesia
578405,79463,Product 11,1,12/21/2023 07:35,42.2,17574,Indonesia
572702,81832,Product 4,10,08/28/2023 22:41,17.49,10854,Indonesia
578518,12591,Product 15,19,01/14/2023 13:01,98.63,15864,Indonesia
572805,58516,Product 4,15,10/20/2023 04:37,82.26,12027,Indonesia
558954,72061,Product 9,10,02/10/2023 21:46,28.87,19474,Indonesia
528064,76736,Product 7,19,01/14/2023 06:24,7.94,17574,Indonesia
579063,91257,Product 19,12,03/25/2023 01:38,6.61,15258,Indonesia
502454,71753,Product 19,16,11/22/2023 16:58,12.92,13073,Indonesia
520878,94774,Product 6,9,12/11/2023 01:34,58.5,18322,Indonesia
551098,21087,Product 6,15,08/17/2023 04:00,92.95,10698,Indonesia
562154,40816,Product 15,17,06/13/2023 12:22,50.18,15575,Indonesia
512991,33408,Product 15,14,10/30/2023 10:09,84.45,17892,Indonesia
568344,10136,Product 9,18,07/14/2023 21:13,45.14,10189,Indonesia
536593,27413,Product 4,2,03/21/2023 09:28,71.15,13763,Indonesia
536304,69500,Product 18,4,09/23/2023 11:29,73.46,13242,Indonesia
530386,94514,Product 18,18,12/27/2023 00:04,18.22,17280,Indonesia
555220,66358,Product 5,7,10/03/2023 07:42,36.76,15915,Indonesia
569338,76197,Product 11,13,01/01/2023 21:19,64.09,15618,Indonesia
594289,42854,Product 5,15,10/11/2023 10:36,8.0,13242,Indonesia
521083,86240,Product 4,1,06/24/2023 04:11,36.79,15116,Indonesia
518354,26322,Product 12,11,06/14/2023 16:48,53.95,18792,Indonesia
522190,16968,Product 2,10,04/30/2023 11:55,99.63,12062,Indonesia
506142,37518,Product 13,5,06/05/2023 14:14,47.98,16938,Indonesia
528398,61925,Product 10,16,04/18/2023 19:49,81.79,11678,Indonesia
551971,69848,Product 9,11,11/30/2023 01:08,43.77,18154,Indonesia
541862,11700,Product 10,6,10/20/2023 19:25,79.84,15463,Indonesia
598668,33199,Product 7,9,10/12/2023 00:54,59.95,17035,Indonesia
553410,54589,Product 4,13,02/04/2023 05:36,88.77,17734,Indonesia
519503,42115,Product 19,8,09/02/2023 04:32,41.68,18110,Indonesia
548456,71934,Product 10,14,06/28/2023 13:11,60.83,14931,Indonesia
582035,64316,Product 3,1,10/03/2023 20:49,63.37,12454,Indonesia
508016,15520,Product 19,17,08/04/2023 10:33,42.32,17892,Indonesia
502384,46455,Product 2,5,08/05/2023 17:28,15.29,15450,Indonesia
562320,96465,Product 10,2,07/04/2023 06:30,10.26,13627,Indonesia
515072,51605,Product 2,9,07/03/2023 14:42,2.65,18571,Indonesia
580018,24955,Product 2,4,06/27/2023 22:43,87.48,15915,Indonesia
540510,54049,Product 17,17,10/21/2023 19:22,24.41,15232,Indonesia
548933,23917,Product 16,17,05/06/2023 12:51,21.94,15056,Indonesia
521826,80293,Product 16,18,12/02/2023 17:41,73.87,15486,Indonesia
568026,88581,Product 14,16,01/08/2023 17:20,32.68,19555,Indonesia
525518,74925,Product 7,8,05/09/2023 22:07,51.1,12731,Indonesia
524045,80269,Product 11,11,06/06/2023 05:04,17.09,12433,Indonesia
550876,40954,Product 1,18,03/27/2023 14:33,96.01,10466,Indonesia
592446,82617,Product 11,10,07/12/2023 22:54,85.31,17270,Indonesia
590102,51458,Product 4,13,08/06/2023 10:09,86.52,18666,Indonesia
551919,99037,Product 7,17,04/24/2023 17:16,41.27,17629,Indonesia
599441,31113,Product 15,18,01/26/2023 07:46,76.47,17270,Indonesia
527103,53939,Product 18,10,08/20/2023 16:11,15.24,12047,Indonesia
536188,39345,Product 12,16,11/24/2023 13:03,1.85,11685,Indonesia
505845,56313,Product 17,5,10/16/2023 00:18,2.98,13556,Indonesia
586698,79166,Product 1,13,10/14/2023 15:13,59.07,17270,Indonesia
536674,57861,Product 11,18,02/22/2023 15:04,46.08,19998,Indonesia
519337,59298,Product 1,17,12/27/2023 01:49,52.28,14555,Indonesia
522313,57221,Product 15,9,07/11/2023 05:08,1.74,10854,Indonesia
526943,54942,Product 10,14,06/10/2023 08:24,42.85,10854,Indonesia
577949,13453,Product 7,17,06/25/2023 12:08,72.09,11306,Indonesia
500276,64935,Product 2,4,09/02/2023 12:30,44.83,17629,Indonesia
551151,53370,Product 10,18,11/20/2023 01:37,73.49,16873,Indonesia
517611,18328,Product 4,15,05/12/2023 05:18,24.07,10860,Indonesia
511944,25534,Product 12,11,03/23/2023 12:40,81.5,16184,Indonesia
552887,95280,Product 19,12,10/06/2023 18:44,59.25,12433,Indonesia
581442,94925,Product 11,9,11/27/2023 00:23,21.87,11899,Indonesia
549847,46320,Product 8,13,11/06/2023 06:24,24.44,15116,Indonesia
558653,59170,Product 18,15,08/01/2023 14:00,63.18,17629,Indonesia
586072,90201,Product 11,15,03/17/2023 06:14,83.16,15855,Indonesia
556622,18640,Product 11,5,11/12/2023 00:48,42.15,14859,Indonesia
527810,40049,Product 13,19,08/12/2023 16:34,26.57,19692,Indonesia
577842,15618,Product 3,14,04/12/2023 10:34,86.83,13157,Indonesia
510503,66053,Product 12,17,04/20/2023 13:09,67.26,18529,Indonesia
584761,11920,Product 3,18,09/22/2023 02:20,45.36,18666,Indonesia
536976,53937,Product 10,3,10/09/2023 07:47,49.3,17869,Indonesia
511590,79724,Product 17,2,04/27/2023 11:04,21.22,12327,Indonesia
510886,22207,Product 2,1,10/31/2023 04:14,63.05,14887,Indonesia
512866,75774,Product 17,10,10/27/2023 03:14,36.52,13581,Indonesia
566624,42972,Product 16,19,02/12/2023 15:22,99.57,12433,Indonesia
568899,20799,Product 2,17,11/22/2023 13:49,48.54,13696,Indonesia
532792,81088,Product 6,12,12/30/2023 10:44,49.1,15450,Indonesia
509764,38916,Product 10,1,01/21/2023 22:42,57.02,12062,Indonesia
586156,80463,Product 10,12,12/02/2023 14:52,91.76,16184,Indonesia
542727,86700,Product 8,17,05/04/2023 14:24,80.28,18433,Indonesia
578471,47158,Product 1,3,10/19/2023 10:50,45.66,14389,Indonesia
508068,94607,Product 13,11,09/28/2023 03:20,72.15,17994,Indonesia
507295,81696,Product 9,17,05/21/2023 21:18,59.04,10663,Indonesia
541160,71510,Product 10,3,10/17/2023 13:03,49.74,15592,Indonesia
511390,68692,Product 15,8,02/21/2023 13:26,20.04,17513,Indonesia
520131,71744,Product 5,4,06/06/2023 14:27,46.93,17099,Indonesia
594754,25810,Product 16,7,10/18/2023 07:15,25.34,15575,Indonesia
575969,15126,Product 13,14,04/16/2023 03:29,91.57,12612,Indonesia
515038,40009,Product 18,14,05/26/2023 01:48,34.21,15276,Indonesia
552327,10192,Product 11,4,03/18/2023 03:25,95.27,17994,Indonesia
593718,46413,Product 9,16,12/11/2023 10:06,53.77,14218,Indonesia
577064,22816,Product 16,1,12/17/2023 11:09,63.52,16420,Indonesia
521281,49082,Product 2,17,02/08/2023 12:30,54.75,19670,Indonesia
554189,75048,Product 2,10,03/12/2023 16:41,13.81,12790,Indonesia
548511,60940,Product 12,16,10/25/2023 03:19,38.21,15393,Indonesia
508605,42130,Product 8,16,09/20/2023 21:00,10.82,17392,Indonesia
501381,50142,Product 9,8,06/21/2023 12:41,62.67,13627,Indonesia
566634,46468,Product 12,7,02/16/2023 12:54,45.24,12454,Indonesia
519810,40698,Product 9,6,04/28/2023 20:21,78.02,13627,Indonesia
524322,20655,Product 10,16,08/08/2023 08:25,22.83,11267,Indonesia
541869,57897,Product 2,16,01/09/2023 14:09,17.29,10854,Indonesia
532955,40075,Product 16,7,05/01/2023 09:07,41.23,15855,Indonesia
561388,19359,Product 7,9,06/01/2023 15:48,92.73,11028,Indonesia
510207,52056,Product 2,14,06/03/2023 04:03,71.33,18571,Indonesia
587329,61831,Product 1,11,02/19/2023 18:35,42.47,11059,Indonesia
567628,69191,Product 19,14,03/01/2023 06:09,52.21,13943,Indonesia
528220,43272,Product 4,7,12/11/2023 17:18,9.34,11998,Indonesia
584050,24671,Product 2,1,06/13/2023 09:32,98.47,16184,Indonesia
574085,37048,Product 14,13,08/30/2023 04:46,66.97,17989,Indonesia
522031,86274,Product 2,3,02/18/2023 02:43,29.26,17385,Indonesia
570721,35963,Product 15,4,08/14/2023 00:54,59.0,16265,Indonesia
580807,53954,Product 12,11,05/29/2023 16:21,11.84,15915,Indonesia
571312,82309,Product 5,2,10/20/2023 14:34,96.62,17994,Indonesia
559766,10717,Product 7,14,06/09/2023 10:09,18.3,11059,Indonesia
512449,21676,Product 10,12,03/19/2023 12:56,65.16,10466,Indonesia
589833,14434,Product 14,17,09/11/2023 01:34,25.3,17892,Indonesia
556699,59810,Product 14,12,09/20/2023 20:17,72.04,11528,Indonesia
581253,14994,Product 5,12,11/19/2023 09:53,77.91,19762,Indonesia
546092,14234,Product 18,1,05/05/2023 06:40,67.67,13073,Indonesia
563671,79300,Product 14,13,08/29/2023 10:38,61.84,11495,Indonesia
510350,53949,Product 2,14,10/07/2023 13:18,89.35,16420,Indonesia
596158,47405,Product 12,2,03/09/2023 05:41,8.78,17208,Indonesia
568487,44872,Product 6,12,10/15/2023 06:44,33.76,19925,Indonesia
517622,52215,Product 4,16,02/05/2023 07:36,25.58,12612,Indonesia
570263,33185,Product 13,4,12/19/2023 03:02,98.81,16938,Indonesia
553117,53442,Product 4,8,03/14/2023 07:32,39.55,14389,Indonesia
558394,61759,Product 14,2,03/11/2023 08:38,73.53,10863,Indonesia
523782,51153,Product 16,10,07/15/2023 12:48,68.79,15535,Indonesia
528454,87535,Product 4,9,11/12/2023 01:04,22.0,17408,Indonesia
567904,12581,Product 1,15,01/27/2023 20:07,24.66,11757,Indonesia
515592,61717,Product 13,13,08/18/2023 07:49,28.85,16863,Indonesia
522173,12763,Product 4,17,03/08/2023 21:43,41.7,12062,Indonesia
533204,65480,Product 18,16,02/27/2023 02:21,24.2,17989,Indonesia
535596,48759,Product 6,2,11/22/2023 01:22,2.95,15977,Indonesia
534324,86067,Product 3,14,06/21/2023 01:37,88.06,17849,Indonesia
561202,35307,Product 13,3,07/28/2023 02:33,96.6,16863,Indonesia
589400,21064,Product 16,12,10/13/2023 19:07,34.82,10854,Indonesia
530750,86848,Product 5,8,05/30/2023 11:57,34.51,11853,Indonesia
576112,47548,Product 4,2,02/05/2023 04:12,1.7,11678,Indonesia
516566,46945,Product 8,4,10/14/2023 14:56,68.34,16873,Indonesia
507190,57937,Product 19,14,11/07/2023 15:41,82.72,15575,Indonesia
588607,16476,Product 14,16,06/07/2023 22:15,15.51,17916,Indonesia
538333,61756,Product 7,19,01/12/2023 16:15,16.81,16019,Indonesia
580905,12382,Product 14,2,05/16/2023 19:02,79.22,16420,Indonesia
589571,59683,Product 6,12,05/24/2023 12:22,62.01,11028,Indonesia
501589,97999,Product 12,14,12/14/2023 18:39,5.44,12790,Indonesia
525235,55276,Product 16,6,04/28/2023 04:19,62.63,11028,Indonesia
500159,43402,Product 17,13,12/26/2023 11:00,31.58,18792,Indonesia
512145,36946,Product 13,4,05/01/2023 20:19,37.5,16938,Indonesia
580909,89698,Product 14,18,08/19/2023 00:52,77.2,17208,Indonesia
531921,83933,Product 7,12,09/29/2023 11:37,81.28,19692,Indonesia
516237,32335,Product 14,19,08/14/2023 13:35,40.64,15051,Indonesia
508244,55095,Product 15,8,05/31/2023 17:44,94.77,17892,Indonesia
514743,89930,Product 12,7,03/07/2023 08:20,41.24,14488,Indonesia
597102,37197,Product 17,16,09/15/2023 08:00,77.41,15232,Indonesia
546101,32010,Product 9,19,11/27/2023 02:51,48.9,14413,Indonesia
584227,34123,Product 15,6,07/09/2023 22:25,89.86,16235,Indonesia
599532,97923,Product 12,11,07/15/2023 17:54,90.87,18154,Indonesia
556378,12890,Product 2,5,09/19/2023 02:21,9.65,15530,Indonesia
571126,18026,Product 5,16,05/23/2023 21:36,93.71,11016,Indonesia
556071,74925,Product 13,7,09/01/2023 09:11,82.73,15855,Indonesia
571121,78842,Product 8,5,08/27/2023 16:41,79.34,17574,Indonesia
574763,43665,Product 14,11,06/15/2023 17:44,20.89,16278,Indonesia
593814,19277,Product 15,15,10/18/2023 09:29,80.71,17270,Indonesia
512237,52239,Product 11,3,05/14/2023 02:15,85.16,15977,Indonesia
515649,57664,Product 1,5,01/07/2023 19:13,29.63,11899,Indonesia
537713,58008,Product 3,5,03/14/2023 14:20,95.27,17408,Indonesia
573463,24683,Product 17,9,06/12/2023 01:26,5.94,17208,Indonesia
545409,10670,Product 19,15,05/10/2023 02:17,15.84,17526,Indonesia
548766,99211,Product 14,3,07/25/2023 19:17,54.22,14555,Indonesia
546154,27889,Product 8,6,09/13/2023 09:24,58.0,18110,Indonesia
507016,65612,Product 13,17,10/08/2023 21:32,64.87,19914,Indonesia
579563,54535,Product 3,8,06/13/2023 13:00,2.68,13104,Indonesia
548688,88542,Product 5,11,04/20/2023 15:53,96.08,17994,Indonesia
589678,64319,Product 9,6,08/26/2023 19:02,5.41,18164,Indonesia
554238,31639,Product 6,8,01/25/2023 12:52,15.16,18838,Indonesia
558608,74712,Product 2,10,01/25/2023 14:03,2.39,15051,Indonesia
589081,26633,Product 13,3,06/22/2023 11:31,57.12,10391,Indonesia
531897,44660,Product 5,14,05/08/2023 12:30,93.29,15450,Indonesia
550961,78975,Product 8,14,11/30/2023 19:17,66.93,15191,Indonesia
568703,42172,Product 1,10,11/12/2023 05:31,82.44,10878,Indonesia
544757,69197,Product 12,12,12/15/2023 10:01,2.31,16776,Indonesia
526917,68847,Product 11,6,03/01/2023 22:18,54.66,10769,Indonesia
522736,21577,Product 7,12,10/14/2023 18:04,46.5,11585,Indonesia
527990,87299,Product 15,14,09/23/2023 01:10,50.4,12047,Indonesia
562551,30176,Product 11,2,06/27/2023 14:08,8.15,17994,Indonesia
558161,54386,Product 16,9,03/24/2023 08:34,68.76,14488,Indonesia
579623,73972,Product 3,10,05/29/2023 08:27,50.82,11678,Indonesia
522440,99791,Product 14,17,07/09/2023 13:50,76.75,10854,Indonesia
535205,51003,Product 3,17,09/20/2023 15:15,49.04,18901,Indonesia
580811,29996,Product 1,3,09/09/2023 00:03,15.79,12047,Indonesia
555103,96598,Product 15,19,09/17/2023 06:39,65.18,13157,Indonesia
570812,45931,Product 1,1,09/30/2023 04:38,18.07,11028,Indonesia
541627,45710,Product 17,12,11/04/2023 19:35,87.37,19555,Indonesia
519008,44693,Product 2,7,05/04/2023 05:38,61.7,11707,Indonesia
571274,45740,Product 6,4,06/27/2023 04:51,16.56,16396,Indonesia
532402,87241,Product 8,10,07/10/2023 02:06,96.27,17270,Indonesia
553384,86502,Product 16,13,06/04/2023 21:13,52.32,13561,Indonesia
505793,27374,Product 19,2,08/17/2023 21:04,8.22,13073,Indonesia
505571,86674,Product 1,10,07/02/2023 01:26,63.06,11267,Indonesia
596867,91471,Product 3,4,09/03/2023 05:14,26.07,12568,Indonesia
516209,55913,Product 3,18,05/29/2023 09:22,80.57,17270,Indonesia
590930,76025,Product 5,5,11/10/2023 06:04,81.96,14218,Indonesia
543148,54516,Product 12,19,03/06/2023 12:20,97.92,17392,Indonesia
591218,97796,Product 12,2,08/30/2023 12:20,50.69,13242,Indonesia
502224,36069,Product 13,12,06/30/2023 17:36,46.04,10863,Indonesia
548695,66233,Product 9,17,06/22/2023 03:16,75.59,18755,Indonesia
532441,94811,Product 7,10,07/07/2023 10:20,14.11,15191,Indonesia
539129,69049,Product 4,2,11/04/2023 22:52,55.14,11021,Indonesia
562368,49178,Product 19,6,10/09/2023 03:33,55.08,10064,Indonesia
592122,42821,Product 19,8,02/21/2023 15:17,9.86,19555,Indonesia
544760,61727,Product 6,19,08/20/2023 02:40,42.38,11059,Indonesia
523478,70935,Product 13,11,08/09/2023 19:28,85.48,15134,Indonesia
571854,26999,Product 11,12,02/11/2023 20:41,85.76,13561,Indonesia
594230,72522,Product 13,9,04/23/2023 08:16,10.82,11291,Indonesia
585716,48712,Product 13,2,04/30/2023 08:40,9.98,15791,Indonesia
512180,74551,Product 15,8,05/09/2023 01:47,27.01,17849,Indonesia
598538,50172,Product 13,11,01/29/2023 00:09,87.6,14887,Indonesia
515372,43722,Product 11,4,08/30/2023 07:20,13.76,19692,Indonesia
529796,20625,Product 19,10,10/11/2023 10:54,72.28,16736,Indonesia
558272,77165,Product 8,16,10/17/2023 07:58,11.02,13843,Indonesia
589963,86509,Product 8,8,08/02/2023 07:48,62.69,13104,Indonesia
598826,16859,Product 10,4,03/20/2023 16:22,36.25,13073,Indonesia
593635,51609,Product 16,10,12/10/2023 12:18,79.1,14413,Indonesia
554040,53307,Product 19,12,03/10/2023 11:00,24.14,17869,Indonesia
575357,31839,Product 11,14,03/28/2023 04:07,64.28,12790,Indonesia
571368,37216,Product 13,16,11/29/2023 07:56,24.33,19925,Indonesia
578356,62953,Product 9,18,03/28/2023 10:00,71.65,15855,Indonesia
516211,94481,Product 19,12,04/19/2023 18:23,87.49,10064,Indonesia
505842,70593,Product 16,18,06/01/2023 16:04,13.55,11267,Indonesia
563115,82075,Product 7,7,05/28/2023 20:39,86.79,17555,Indonesia
566852,59522,Product 19,7,11/10/2023 13:35,59.76,15393,Indonesia
545968,14886,Product 12,9,05/19/2023 19:14,13.58,10878,Indonesia
517508,17485,Product 15,1,07/30/2023 06:50,43.33,15393,Indonesia
522005,41455,Product 14,6,01/28/2023 18:42,16.93,11998,Indonesia
554575,26767,Product 11,6,09/18/2023 04:29,70.33,11678,Indonesia
580742,38453,Product 10,12,12/18/2023 07:09,76.13,15618,Indonesia
518971,86280,Product 11,12,02/07/2023 14:31,11.47,15232,Indonesia
525599,63442,Product 6,10,08/08/2023 16:30,51.11,13890,Indonesia
587592,61877,Product 2,6,05/16/2023 07:24,81.65,16873,Indonesia
566914,22226,Product 11,17,11/25/2023 01:14,93.68,13763,Indonesia
567055,32588,Product 19,19,02/18/2023 03:03,51.84,15486,Indonesia
587697,88976,Product 6,18,03/19/2023 08:40,95.08,17041,Indonesia
505355,41709,Product 14,6,08/05/2023 22:49,54.03,12027,Indonesia
554120,57788,Product 6,19,09/23/2023 20:35,40.02,10161,Indonesia
574619,98031,Product 17,10,05/20/2023 07:01,84.97,19555,Indonesia
538342,47019,Product 10,8,09/26/2023 20:31,49.81,14859,Indonesia
585992,54948,Product 1,6,12/17/2023 15:31,47.72,15915,Indonesia
578860,75133,Product 3,7,10/15/2023 01:10,49.54,17892,Indonesia
502257,76458,Product 8,1,01/10/2023 14:16,84.83,18838,Indonesia
527364,37526,Product 8,18,07/02/2023 08:24,83.36,14413,Indonesia
524972,83493,Product 15,12,11/11/2023 13:57,40.95,16528,Indonesia
526654,62198,Product 7,16,04/24/2023 21:51,34.0,19721,Indonesia
580769,53395,Product 11,10,08/01/2023 11:31,49.7,11291,Indonesia
581423,34031,Product 7,10,06/23/2023 16:55,57.7,10769,Indonesia
529320,85542,Product 4,14,05/02/2023 22:38,24.6,15311,Indonesia
520808,47701,Product 12,10,09/25/2023 08:46,79.6,14555,Indonesia
552389,35939,Product 6,10,01/18/2023 20:12,49.16,11636,Indonesia
595690,59145,Product 14,11,05/29/2023 07:45,34.07,12062,Indonesia
534773,30324,Product 12,2,12/26/2023 13:06,11.58,13242,Indonesia
551168,32867,Product 11,8,05/31/2023 11:31,24.65,16938,Indonesia
527747,10203,Product 19,7,07/22/2023 21:21,94.98,17408,Indonesia
576396,26544,Product 5,8,08/23/2023 21:27,31.2,10995,Indonesia
583692,25899,Product 14,1,10/12/2023 12:17,17.72,17385,Indonesia
557505,39063,Product 16,2,09/15/2023 20:14,46.61,12062,Indonesia
585896,13748,Product 13,18,10/10/2023 17:30,31.4,17392,Indonesia
518135,76629,Product 4,15,03/29/2023 11:12,4.48,13556,Indonesia
590887,90764,Product 11,1,10/05/2023 10:36,32.99,16019,Indonesia
596035,30884,Product 17,5,07/08/2023 00:55,54.87,15530,Indonesia
547377,35183,Product 7,2,01/03/2023 21:18,55.62,12734,Indonesia
523554,91570,Product 14,3,01/23/2023 06:43,36.3,15575,Indonesia
562491,81246,Product 11,19,10/08/2023 04:46,45.28,15855,Indonesia
555621,29259,Product 9,18,05/16/2023 09:57,96.59,13581,Indonesia
558283,45959,Product 13,18,05/24/2023 07:00,38.36,15134,Indonesia
585140,43457,Product 18,14,12/30/2023 04:02,26.56,14426,Indonesia
516923,95679,Product 11,8,04/14/2023 02:31,25.1,11853,Indonesia
547591,12103,Product 15,12,11/16/2023 09:33,46.32,14413,Indonesia
562261,75901,Product 19,10,01/10/2023 20:45,76.19,19692,Indonesia
554336,54535,Product 1,17,08/19/2023 01:40,21.39,11853,Indonesia
574083,26103,Product 4,11,04/22/2023 12:08,71.22,12027,Indonesia
560948,88278,Product 14,2,03/27/2023 09:25,3.09,10502,Indonesia
533002,22391,Product 14,4,11/10/2023 21:11,42.47,11853,Indonesia
580098,38901,Product 3,1,07/28/2023 13:13,77.81,16736,Indonesia
573016,91159,Product 17,15,05/01/2023 01:52,34.53,12454,Indonesia
526672,77914,Product 3,13,01/20/2023 10:15,56.81,18110,Indonesia
504213,60357,Product 16,8,08/31/2023 22:05,21.29,19474,Indonesia
510293,96908,Product 14,4,11/08/2023 18:36,74.46,15578,Indonesia
599977,48437,Product 13,10,07/05/2023 03:46,6.18,16892,Indonesia
555860,45503,Product 15,19,05/12/2023 19:09,85.4,10769,Indonesia
562507,85403,Product 14,18,01/24/2023 21:34,20.62,12612,Indonesia
557134,51258,Product 19,5,06/03/2023 04:37,87.57,18792,Indonesia
502100,43724,Product 6,19,11/06/2023 07:38,35.9,13763,Indonesia
561997,74286,Product 10,16,07/21/2023 05:45,72.55,15535,Indonesia
528172,84842,Product 15,1,09/17/2023 12:19,32.6,17916,Indonesia
520132,24908,Product 6,12,09/30/2023 22:06,90.69,13890,Indonesia
518199,60626,Product 10,2,01/04/2023 13:02,13.54,17555,Indonesia
536609,47228,Product 7,8,08/04/2023 04:15,18.67,17858,Indonesia
542965,33386,Product 17,18,07/05/2023 22:51,49.81,18004,Indonesia
508016,56754,Product 18,16,09/11/2023 01:29,9.11,11016,Indonesia
539779,38302,Product 17,5,03/23/2023 18:30,20.4,14218,Indonesia
531881,70815,Product 9,13,07/07/2023 18:48,94.43,16949,Indonesia
582594,94748,Product 10,19,11/15/2023 13:18,97.67,12612,Indonesia
524472,73344,Product 10,3,06/01/2023 12:11,38.25,11998,Indonesia
551813,45618,Product 7,8,01/30/2023 05:52,92.41,12568,Indonesia
536021,86234,Product 16,12,12/22/2023 18:47,54.94,10995,Indonesia
554131,71114,Product 18,2,06/22/2023 03:29,27.7,15056,Indonesia
524087,80130,Product 6,11,07/02/2023 16:54,70.54,12747,Indonesia
512828,35525,Product 1,12,05/26/2023 19:48,66.23,19167,Indonesia
561610,89818,Product 1,18,09/08/2023 14:10,98.92,12047,Indonesia
596664,24334,Product 12,13,11/09/2023 21:44,27.24,11663,Indonesia
501401,72767,Product 2,5,06/10/2023 16:05,67.53,11267,Indonesia
585179,16644,Product 4,12,09/17/2023 19:47,6.15,17734,Indonesia
515193,42933,Product 17,2,02/16/2023 14:05,12.25,19268,Indonesia
592389,53469,Product 4,5,02/16/2023 13:10,1.39,13099,Indonesia
544864,43687,Product 11,7,12/25/2023 08:25,99.95,11678,Indonesia
520307,62656,Product 4,12,11/21/2023 19:09,80.43,11184,Indonesia
519611,27375,Product 1,16,02/19/2023 02:12,78.89,11495,Indonesia
543791,75206,Product 7,8,04/17/2023 16:29,51.46,12027,Indonesia
511950,46607,Product 18,9,09/11/2023 21:44,30.71,13556,Indonesia
576240,93178,Product 9,15,07/17/2023 16:58,15.98,15463,Indonesia
577403,33993,Product 3,5,12/31/2023 18:52,29.18,17989,Indonesia
502745,54386,Product 8,13,02/04/2023 13:25,38.22,15486,Indonesia
555243,56287,Product 19,5,03/10/2023 04:19,75.87,14658,Indonesia
503866,96724,Product 4,11,02/18/2023 20:09,54.43,11495,Indonesia
532245,86312,Product 18,10,07/11/2023 04:35,8.67,10202,Indonesia
544724,85324,Product 11,13,03/11/2023 03:38,2.78,10189,Indonesia
571354,81196,Product 14,9,10/22/2023 17:34,11.13,15864,Indonesia
551374,80014,Product 18,14,05/09/2023 03:05,41.64,13840,Indonesia
530116,18210,Product 16,18,10/24/2023 21:45,93.39,18838,Indonesia
581029,20922,Product 3,15,11/12/2023 11:56,64.1,19914,Indonesia
593574,46289,Product 15,10,01/31/2023 19:23,80.38,11306,Indonesia
520447,43340,Product 4,7,02/05/2023 20:29,47.17,18529,Indonesia
530431,49850,Product 5,8,12/30/2023 09:29,36.8,17208,Indonesia
517908,66984,Product 17,3,12/08/2023 06:34,11.73,11663,Indonesia
529336,94178,Product 7,15,08/08/2023 13:55,87.72,18901,Indonesia
540992,21094,Product 16,16,12/02/2023 15:53,78.53,16949,Indonesia
555350,97959,Product 14,4,04/16/2023 12:05,17.64,16374,Indonesia
569561,43418,Product 16,6,02/13/2023 08:44,51.71,11636,Indonesia
551955,15741,Product 7,1,08/16/2023 10:19,49.25,14488,Indonesia
561240,82374,Product 9,4,12/04/2023 10:56,62.88,19670,Indonesia
520093,78798,Product 4,11,01/21/2023 03:49,94.67,16396,Indonesia
506155,80532,Product 11,12,01/07/2023 05:14,58.4,18154,Indonesia
546607,32164,Product 2,5,06/09/2023 10:19,54.48,11899,Indonesia
533487,45595,Product 12,16,05/23/2023 15:06,5.98,13152,Indonesia
555668,40257,Product 12,13,06/03/2023 11:55,7.23,19762,Indonesia
520963,24211,Product 4,13,05/22/2023 04:57,19.55,10663,Indonesia
550124,15232,Product 18,17,01/21/2023 17:04,4.21,10769,Indonesia
552870,77753,Product 7,7,05/11/2023 22:25,74.59,15463,Indonesia
556547,62691,Product 1,8,11/01/2023 18:50,72.61,15450,Indonesia
564110,99765,Product 13,13,12/11/2023 20:11,14.47,13152,Indonesia
553554,89768,Product 6,16,06/10/2023 17:52,83.77,11306,Indonesia
520936,35613,Product 6,4,07/15/2023 09:56,16.32,15191,Indonesia
504426,24026,Product 12,8,11/23/2023 21:54,30.82,14297,Indonesia
588839,63535,Product 8,16,10/16/2023 16:23,25.65,13748,Indonesia
527606,40908,Product 19,10,03/02/2023 01:27,37.86,15864,Indonesia
547832,62113,Product 5,12,02/12/2023 08:38,26.21,19555,Indonesia
528151,29610,Product 18,12,03/27/2023 16:16,49.41,15051,Indonesia
579303,56646,Product 5,5,04/08/2023 05:45,41.33,18164,Indonesia
511308,73185,Product 10,16,07/17/2023 01:00,98.67,12062,Indonesia
562522,82567,Product 1,1,11/26/2023 20:04,6.54,17574,Indonesia
545671,57574,Product 10,9,01/02/2023 21:47,15.08,17513,Indonesia
590306,46182,Product 5,12,02/26/2023 01:09,6.23,15191,Indonesia
594108,10570,Product 12,5,04/08/2023 15:47,62.96,18110,Indonesia
502204,29288,Product 7,3,05/05/2023 06:21,6.4,15486,Indonesia
592769,88824,Product 9,5,03/17/2023 14:39,83.81,12454,Indonesia
587265,39877,Product 12,2,10/21/2023 09:34,51.68,10663,Indonesia
531131,94425,Product 1,14,07/11/2023 18:48,53.17,13073,Indonesia
552428,10917,Product 11,2,02/01/2023 06:20,56.6,18006,Indonesia
533870,85602,Product 15,13,01/20/2023 03:45,17.91,11306,Indonesia
549067,74575,Product 2,7,08/02/2023 14:55,20.57,14389,Indonesia
558585,82518,Product 7,10,08/20/2023 20:14,32.56,14389,Indonesia
521607,49104,Product 12,13,08/02/2023 19:27,59.76,15530,Indonesia
524968,28062,Product 18,16,09/27/2023 08:39,21.8,15791,Indonesia
598934,26999,Product 3,14,02/27/2023 16:01,12.52,11484,Indonesia
511908,71845,Product 7,11,09/05/2023 02:07,97.04,18110,Indonesia
526423,19941,Product 11,10,02/13/2023 00:41,3.18,11899,Indonesia
574707,71169,Product 18,6,08/15/2023 05:38,80.47,14426,Indonesia
578257,33470,Product 12,4,10/06/2023 17:42,79.02,11998,Indonesia
561215,69821,Product 6,1,07/16/2023 18:10,30.42,14426,Indonesia
555835,96669,Product 5,7,09/25/2023 09:07,14.43,16439,Indonesia
549429,54435,Product 1,9,10/24/2023 03:36,15.42,16374,Indonesia
582152,14529,Product 12,8,03/26/2023 07:54,70.05,13561,Indonesia
538458,93055,Product 11,5,02/16/2023 14:47,64.64,16235,Indonesia
546169,22192,Product 4,19,08/26/2023 07:17,78.49,17916,Indonesia
507659,84102,Product 18,10,02/11/2023 19:05,93.81,13561,Indonesia
560614,82762,Product 4,11,09/25/2023 01:06,69.5,12568,Indonesia
